{
  "train_loss": [
    0.187603160738945,
    0.18272018432617188,
    0.18060981599908127,
    0.1809086744722567,
    0.1803226141553176,
    0.18074741881144674,
    0.1815717926150874,
    0.18264057134327136,
    0.1854895110193052,
    0.1820169514731357,
    0.18269055375927373,
    0.18393370666001974,
    0.18243798221412458,
    0.1817969201426757,
    0.1814176502980684,
    0.18215395118060865,
    0.18231473470989026
  ],
  "val_loss": [
    0.1844463236629963,
    0.18415969610214233,
    0.18548939004540443,
    0.17894991114735603,
    0.18001718819141388,
    0.18662896007299423,
    0.17887026816606522,
    0.1851704940199852,
    0.1824701800942421,
    0.18130231276154518,
    0.18474723026156425,
    0.1882731355726719,
    0.18785808607935905,
    0.18345822766423225,
    0.18138479068875313,
    0.18222694098949432,
    0.18635933846235275
  ],
  "val_precision": [
    1.0,
    1.0,
    1.0,
    1.0,
    1.0,
    1.0,
    1.0,
    1.0,
    1.0,
    1.0,
    1.0,
    1.0,
    1.0,
    1.0,
    1.0,
    1.0,
    1.0
  ],
  "val_recall": [
    0.009190120620333142,
    0.010913268236645606,
    0.012062033314187249,
    0.00861573808156232,
    0.01263641585295807,
    0.012062033314187249,
    0.009764503159103963,
    0.01263641585295807,
    0.009764503159103963,
    0.012062033314187249,
    0.006318207926479035,
    0.011487650775416428,
    0.013785180930499713,
    0.0068925904652498565,
    0.014359563469270534,
    0.011487650775416428,
    0.009190120620333142
  ],
  "val_f1": [
    0.01821286283437678,
    0.021590909090909095,
    0.023836549375709424,
    0.017084282460136675,
    0.02495745887691435,
    0.023836549375709424,
    0.019340159271899884,
    0.02495745887691435,
    0.019340159271899884,
    0.023836549375709424,
    0.012557077625570777,
    0.022714366837024418,
    0.02719546742209632,
    0.013690815744438105,
    0.028312570781426953,
    0.022714366837024418,
    0.01821286283437678
  ],
  "learning_rate": [
    0.001,
    0.001,
    0.001,
    0.001,
    0.001,
    0.001,
    0.001,
    0.001,
    0.001,
    0.001,
    0.001,
    0.001,
    0.0005,
    0.0005,
    0.0005,
    0.0005,
    0.0005
  ]
}